<?xml version="1.0" encoding="utf-8"?>
<addon addon_id="LiteSpeedCacheXF" title="LiteSpeed Cache" version_string="1.0.0" version_id="1" url="https://www.litespeedtech.com/support/wiki/doku.php/litespeed_wiki:cache" install_callback_class="" install_callback_method="" uninstall_callback_class="" uninstall_callback_method="">
  <admin_navigation>
    <navigation navigation_id="litespeedcache" parent_navigation_id="setup" display_order="110" link="" admin_permission_id="" debug_only="0" hide_no_children="0"/>
    <navigation navigation_id="lscache_settings" parent_navigation_id="litespeedcache" display_order="1" link="options/list/LiteSpeedCacheXF" admin_permission_id="option" debug_only="0" hide_no_children="0"/>
  </admin_navigation>
  <admin_permissions/>
  <admin_style_properties/>
  <admin_templates/>
  <admin_template_modifications/>
  <code_events/>
  <code_event_listeners>
    <listener event_id="front_controller_post_view" execute_order="10" callback_class="Litespeedcache_Listener_Global" callback_method="frontControllerPostView" active="1" hint="" description=""/>
    <listener event_id="load_class_model" execute_order="10" callback_class="Litespeedcache_Listener_Global" callback_method="extendUserModel" active="1" hint="XenForo_Model_User" description="XenForo_Model_User"/>
  </code_event_listeners>
  <cron/>
  <email_templates/>
  <email_template_modifications/>
  <optiongroups>
    <group group_id="LiteSpeedCacheXF" display_order="1000" debug_only="0"/>
    <option option_id="litespeedcacheXF_lscache" edit_format="callback" data_type="boolean" can_backup="1">
      <default_value></default_value>
      <edit_format_params>Litespeedcache_Options::verifyLSCache</edit_format_params>
      <sub_options></sub_options>
      <relation group_id="LiteSpeedCacheXF" display_order="1"/>
    </option>
  </optiongroups>
  <permissions>
    <permission_groups/>
    <permissions/>
    <interface_groups/>
  </permissions>
  <phrases>
    <phrase title="admin_navigation_litespeedcache" version_id="1010070" version_string="1.1.0"><![CDATA[LiteSpeed Cache]]></phrase>
    <phrase title="admin_navigation_lscache_settings" version_id="1010070" version_string="1.1.0"><![CDATA[Settings]]></phrase>
    <phrase title="option_group_LiteSpeedCacheXF" version_id="1" version_string="1.0.0"><![CDATA[Litespeed Cache]]></phrase>
    <phrase title="option_group_LiteSpeedCacheXF_description" version_id="1" version_string="1.0.0"><![CDATA[]]></phrase>
    <phrase title="option_litespeedcacheXF_lscache" version_id="1" version_string="1.0.0"><![CDATA[LiteSpeed Cache Check]]></phrase>
    <phrase title="option_litespeedcacheXF_lscache_explain" version_id="1" version_string="1.0.0"><![CDATA[Checks for LSCache.]]></phrase>
  </phrases>
  <route_prefixes/>
  <style_properties/>
  <templates/>
  <public_template_modifications/>
  <bb_code_media_sites/>
  <bb_codes/>
</addon>
